-- MySQL dump 10.13  Distrib 5.6.23, for Win64 (x86_64)
--
-- Host: localhost    Database: car
-- ------------------------------------------------------
-- Server version	5.5.32

/*!40101 SET @OLD_CHARACTER_SET_CLIENT=@@CHARACTER_SET_CLIENT */;
/*!40101 SET @OLD_CHARACTER_SET_RESULTS=@@CHARACTER_SET_RESULTS */;
/*!40101 SET @OLD_COLLATION_CONNECTION=@@COLLATION_CONNECTION */;
/*!40101 SET NAMES utf8 */;
/*!40103 SET @OLD_TIME_ZONE=@@TIME_ZONE */;
/*!40103 SET TIME_ZONE='+00:00' */;
/*!40014 SET @OLD_UNIQUE_CHECKS=@@UNIQUE_CHECKS, UNIQUE_CHECKS=0 */;
/*!40014 SET @OLD_FOREIGN_KEY_CHECKS=@@FOREIGN_KEY_CHECKS, FOREIGN_KEY_CHECKS=0 */;
/*!40101 SET @OLD_SQL_MODE=@@SQL_MODE, SQL_MODE='NO_AUTO_VALUE_ON_ZERO' */;
/*!40111 SET @OLD_SQL_NOTES=@@SQL_NOTES, SQL_NOTES=0 */;

--
-- Table structure for table `auth_assignment`
--

DROP TABLE IF EXISTS `auth_assignment`;
/*!40101 SET @saved_cs_client     = @@character_set_client */;
/*!40101 SET character_set_client = utf8 */;
CREATE TABLE `auth_assignment` (
  `item_name` varchar(64) COLLATE utf8_unicode_ci NOT NULL,
  `user_id` varchar(64) COLLATE utf8_unicode_ci NOT NULL,
  `created_at` int(11) DEFAULT NULL,
  PRIMARY KEY (`item_name`,`user_id`),
  CONSTRAINT `auth_assignment_ibfk_1` FOREIGN KEY (`item_name`) REFERENCES `auth_item` (`name`) ON DELETE CASCADE ON UPDATE CASCADE
) ENGINE=InnoDB DEFAULT CHARSET=utf8 COLLATE=utf8_unicode_ci;
/*!40101 SET character_set_client = @saved_cs_client */;

--
-- Dumping data for table `auth_assignment`
--

LOCK TABLES `auth_assignment` WRITE;
/*!40000 ALTER TABLE `auth_assignment` DISABLE KEYS */;
INSERT INTO `auth_assignment` VALUES ('Administrator','1',1443083931),('user-role','3',1443091302);
/*!40000 ALTER TABLE `auth_assignment` ENABLE KEYS */;
UNLOCK TABLES;

--
-- Table structure for table `auth_item`
--

DROP TABLE IF EXISTS `auth_item`;
/*!40101 SET @saved_cs_client     = @@character_set_client */;
/*!40101 SET character_set_client = utf8 */;
CREATE TABLE `auth_item` (
  `name` varchar(64) COLLATE utf8_unicode_ci NOT NULL,
  `type` int(11) NOT NULL,
  `description` text COLLATE utf8_unicode_ci,
  `rule_name` varchar(64) COLLATE utf8_unicode_ci DEFAULT NULL,
  `data` text COLLATE utf8_unicode_ci,
  `created_at` int(11) DEFAULT NULL,
  `updated_at` int(11) DEFAULT NULL,
  PRIMARY KEY (`name`),
  KEY `rule_name` (`rule_name`),
  KEY `idx-auth_item-type` (`type`),
  CONSTRAINT `auth_item_ibfk_1` FOREIGN KEY (`rule_name`) REFERENCES `auth_rule` (`name`) ON DELETE SET NULL ON UPDATE CASCADE
) ENGINE=InnoDB DEFAULT CHARSET=utf8 COLLATE=utf8_unicode_ci;
/*!40101 SET character_set_client = @saved_cs_client */;

--
-- Dumping data for table `auth_item`
--

LOCK TABLES `auth_item` WRITE;
/*!40000 ALTER TABLE `auth_item` DISABLE KEYS */;
INSERT INTO `auth_item` VALUES ('/admin/*',2,NULL,NULL,NULL,1443083104,1443083104),('/translate/*',2,NULL,NULL,NULL,1443093208,1443093208),('/translate/create',2,NULL,NULL,NULL,1443093260,1443093260),('/translate/delete',2,NULL,NULL,NULL,1443093260,1443093260),('/translate/index',2,NULL,NULL,NULL,1443093260,1443093260),('/translate/update',2,NULL,NULL,NULL,1443093260,1443093260),('/translate/view',2,NULL,NULL,NULL,1443093260,1443093260),('/user/admin/*',2,NULL,NULL,NULL,1443083141,1443083141),('/user/profile/*',2,NULL,NULL,NULL,1443083153,1443083153),('/user/recovery/*',2,NULL,NULL,NULL,1443083147,1443083147),('/user/security/*',2,NULL,NULL,NULL,1443083168,1443083168),('/user/settings/*',2,NULL,NULL,NULL,1443083176,1443083176),('admin-permission',2,'admin-permission',NULL,NULL,1443083797,1443083797),('Administrator',1,'Administrator',NULL,NULL,1443083257,1443083257),('manage-user',2,'manage-user',NULL,NULL,1443083858,1443083858),('user-role',1,'user-role',NULL,NULL,1443083902,1443091257);
/*!40000 ALTER TABLE `auth_item` ENABLE KEYS */;
UNLOCK TABLES;

--
-- Table structure for table `auth_item_child`
--

DROP TABLE IF EXISTS `auth_item_child`;
/*!40101 SET @saved_cs_client     = @@character_set_client */;
/*!40101 SET character_set_client = utf8 */;
CREATE TABLE `auth_item_child` (
  `parent` varchar(64) COLLATE utf8_unicode_ci NOT NULL,
  `child` varchar(64) COLLATE utf8_unicode_ci NOT NULL,
  PRIMARY KEY (`parent`,`child`),
  KEY `child` (`child`),
  CONSTRAINT `auth_item_child_ibfk_1` FOREIGN KEY (`parent`) REFERENCES `auth_item` (`name`) ON DELETE CASCADE ON UPDATE CASCADE,
  CONSTRAINT `auth_item_child_ibfk_2` FOREIGN KEY (`child`) REFERENCES `auth_item` (`name`) ON DELETE CASCADE ON UPDATE CASCADE
) ENGINE=InnoDB DEFAULT CHARSET=utf8 COLLATE=utf8_unicode_ci;
/*!40101 SET character_set_client = @saved_cs_client */;

--
-- Dumping data for table `auth_item_child`
--

LOCK TABLES `auth_item_child` WRITE;
/*!40000 ALTER TABLE `auth_item_child` DISABLE KEYS */;
INSERT INTO `auth_item_child` VALUES ('admin-permission','/admin/*'),('Administrator','/admin/*'),('Administrator','/translate/*'),('user-role','/translate/*'),('Administrator','/translate/create'),('user-role','/translate/create'),('Administrator','/translate/delete'),('user-role','/translate/delete'),('Administrator','/translate/index'),('user-role','/translate/index'),('Administrator','/translate/update'),('user-role','/translate/update'),('Administrator','/translate/view'),('user-role','/translate/view'),('Administrator','/user/admin/*'),('manage-user','/user/admin/*'),('Administrator','/user/profile/*'),('manage-user','/user/profile/*'),('user-role','/user/profile/*'),('Administrator','/user/recovery/*'),('manage-user','/user/recovery/*'),('user-role','/user/recovery/*'),('Administrator','/user/security/*'),('manage-user','/user/security/*'),('user-role','/user/security/*'),('Administrator','/user/settings/*'),('manage-user','/user/settings/*'),('user-role','/user/settings/*'),('Administrator','admin-permission'),('Administrator','manage-user'),('Administrator','user-role');
/*!40000 ALTER TABLE `auth_item_child` ENABLE KEYS */;
UNLOCK TABLES;

--
-- Table structure for table `auth_rule`
--

DROP TABLE IF EXISTS `auth_rule`;
/*!40101 SET @saved_cs_client     = @@character_set_client */;
/*!40101 SET character_set_client = utf8 */;
CREATE TABLE `auth_rule` (
  `name` varchar(64) COLLATE utf8_unicode_ci NOT NULL,
  `data` text COLLATE utf8_unicode_ci,
  `created_at` int(11) DEFAULT NULL,
  `updated_at` int(11) DEFAULT NULL,
  PRIMARY KEY (`name`)
) ENGINE=InnoDB DEFAULT CHARSET=utf8 COLLATE=utf8_unicode_ci;
/*!40101 SET character_set_client = @saved_cs_client */;

--
-- Dumping data for table `auth_rule`
--

LOCK TABLES `auth_rule` WRITE;
/*!40000 ALTER TABLE `auth_rule` DISABLE KEYS */;
/*!40000 ALTER TABLE `auth_rule` ENABLE KEYS */;
UNLOCK TABLES;

--
-- Table structure for table `menu`
--

DROP TABLE IF EXISTS `menu`;
/*!40101 SET @saved_cs_client     = @@character_set_client */;
/*!40101 SET character_set_client = utf8 */;
CREATE TABLE `menu` (
  `id` int(11) NOT NULL AUTO_INCREMENT,
  `name` varchar(128) NOT NULL,
  `parent` int(11) DEFAULT NULL,
  `route` varchar(256) DEFAULT NULL,
  `order` int(11) DEFAULT NULL,
  `data` text,
  PRIMARY KEY (`id`),
  KEY `parent` (`parent`),
  CONSTRAINT `menu_ibfk_1` FOREIGN KEY (`parent`) REFERENCES `menu` (`id`) ON DELETE SET NULL ON UPDATE CASCADE
) ENGINE=InnoDB DEFAULT CHARSET=utf8;
/*!40101 SET character_set_client = @saved_cs_client */;

--
-- Dumping data for table `menu`
--

LOCK TABLES `menu` WRITE;
/*!40000 ALTER TABLE `menu` DISABLE KEYS */;
/*!40000 ALTER TABLE `menu` ENABLE KEYS */;
UNLOCK TABLES;

--
-- Table structure for table `message`
--

DROP TABLE IF EXISTS `message`;
/*!40101 SET @saved_cs_client     = @@character_set_client */;
/*!40101 SET character_set_client = utf8 */;
CREATE TABLE `message` (
  `id` int(11) NOT NULL DEFAULT '0',
  `language` varchar(16) NOT NULL DEFAULT '',
  `translation` text,
  PRIMARY KEY (`id`,`language`),
  CONSTRAINT `fk_message_source_message` FOREIGN KEY (`id`) REFERENCES `source_message` (`id`) ON DELETE CASCADE
) ENGINE=InnoDB DEFAULT CHARSET=utf8;
/*!40101 SET character_set_client = @saved_cs_client */;

--
-- Dumping data for table `message`
--

LOCK TABLES `message` WRITE;
/*!40000 ALTER TABLE `message` DISABLE KEYS */;
INSERT INTO `message` VALUES (1,'lo','ໜ້າຫຼັກ');
/*!40000 ALTER TABLE `message` ENABLE KEYS */;
UNLOCK TABLES;

--
-- Table structure for table `migration`
--

DROP TABLE IF EXISTS `migration`;
/*!40101 SET @saved_cs_client     = @@character_set_client */;
/*!40101 SET character_set_client = utf8 */;
CREATE TABLE `migration` (
  `version` varchar(180) NOT NULL,
  `apply_time` int(11) DEFAULT NULL,
  PRIMARY KEY (`version`)
) ENGINE=InnoDB DEFAULT CHARSET=utf8;
/*!40101 SET character_set_client = @saved_cs_client */;

--
-- Dumping data for table `migration`
--

LOCK TABLES `migration` WRITE;
/*!40000 ALTER TABLE `migration` DISABLE KEYS */;
INSERT INTO `migration` VALUES ('m000000_000000_base',1443078844),('m140209_132017_init',1443079143),('m140403_174025_create_account_table',1443079143),('m140504_113157_update_tables',1443079144),('m140504_130429_create_token_table',1443079144),('m140506_102106_rbac_init',1443078883),('m140602_111327_create_menu_table',1443078846),('m140830_171933_fix_ip_field',1443079144),('m140830_172703_change_account_table_name',1443079144),('m141222_110026_update_ip_field',1443079144);
/*!40000 ALTER TABLE `migration` ENABLE KEYS */;
UNLOCK TABLES;

--
-- Table structure for table `profile`
--

DROP TABLE IF EXISTS `profile`;
/*!40101 SET @saved_cs_client     = @@character_set_client */;
/*!40101 SET character_set_client = utf8 */;
CREATE TABLE `profile` (
  `user_id` int(11) NOT NULL,
  `name` varchar(255) DEFAULT NULL,
  `public_email` varchar(255) DEFAULT NULL,
  `gravatar_email` varchar(255) DEFAULT NULL,
  `gravatar_id` varchar(32) DEFAULT NULL,
  `location` varchar(255) DEFAULT NULL,
  `website` varchar(255) DEFAULT NULL,
  `bio` text,
  PRIMARY KEY (`user_id`),
  CONSTRAINT `fk_user_profile` FOREIGN KEY (`user_id`) REFERENCES `user` (`id`) ON DELETE CASCADE
) ENGINE=InnoDB DEFAULT CHARSET=utf8;
/*!40101 SET character_set_client = @saved_cs_client */;

--
-- Dumping data for table `profile`
--

LOCK TABLES `profile` WRITE;
/*!40000 ALTER TABLE `profile` DISABLE KEYS */;
INSERT INTO `profile` VALUES (1,'Adsavin','adsavin@live.com','admin@mail.com','edb0e96701c209ab4b50211c856c50c4','Laos','http://www.adsavin.net78.net',''),(2,NULL,NULL,'advin@mail.com','09d51bd09df7eb55d3c566a6323d478b',NULL,NULL,NULL),(3,NULL,NULL,'user1@mail.com','73dbb4ed51752f4d60afaeec8c9733e8',NULL,NULL,NULL);
/*!40000 ALTER TABLE `profile` ENABLE KEYS */;
UNLOCK TABLES;

--
-- Table structure for table `social_account`
--

DROP TABLE IF EXISTS `social_account`;
/*!40101 SET @saved_cs_client     = @@character_set_client */;
/*!40101 SET character_set_client = utf8 */;
CREATE TABLE `social_account` (
  `id` int(11) NOT NULL AUTO_INCREMENT,
  `user_id` int(11) DEFAULT NULL,
  `provider` varchar(255) NOT NULL,
  `client_id` varchar(255) NOT NULL,
  `data` text,
  PRIMARY KEY (`id`),
  UNIQUE KEY `account_unique` (`provider`,`client_id`),
  KEY `fk_user_account` (`user_id`),
  CONSTRAINT `fk_user_account` FOREIGN KEY (`user_id`) REFERENCES `user` (`id`) ON DELETE CASCADE
) ENGINE=InnoDB DEFAULT CHARSET=utf8;
/*!40101 SET character_set_client = @saved_cs_client */;

--
-- Dumping data for table `social_account`
--

LOCK TABLES `social_account` WRITE;
/*!40000 ALTER TABLE `social_account` DISABLE KEYS */;
/*!40000 ALTER TABLE `social_account` ENABLE KEYS */;
UNLOCK TABLES;

--
-- Table structure for table `source_message`
--

DROP TABLE IF EXISTS `source_message`;
/*!40101 SET @saved_cs_client     = @@character_set_client */;
/*!40101 SET character_set_client = utf8 */;
CREATE TABLE `source_message` (
  `id` int(11) NOT NULL AUTO_INCREMENT,
  `category` varchar(32) DEFAULT NULL,
  `message` text,
  PRIMARY KEY (`id`)
) ENGINE=InnoDB AUTO_INCREMENT=22 DEFAULT CHARSET=utf8;
/*!40101 SET character_set_client = @saved_cs_client */;

--
-- Dumping data for table `source_message`
--

LOCK TABLES `source_message` WRITE;
/*!40000 ALTER TABLE `source_message` DISABLE KEYS */;
INSERT INTO `source_message` VALUES (1,'app','Home'),(2,'app','Login'),(3,'app','Profile'),(4,'app','Logout'),(5,'app','Register'),(6,'app','About'),(7,'app','Contact'),(8,'app','ID'),(9,'app','Language'),(10,'app','Translation'),(11,'app','Roles'),(12,'app','Messages'),(13,'app','Create Message'),(14,'app','Translate'),(15,'app','Missing'),(16,'app','Edit'),(17,'app','Create'),(18,'app','Update {modelClass}: '),(19,'app','Update'),(20,'app','Delete'),(21,'app','Are you sure you want to delete this item?');
/*!40000 ALTER TABLE `source_message` ENABLE KEYS */;
UNLOCK TABLES;

--
-- Table structure for table `token`
--

DROP TABLE IF EXISTS `token`;
/*!40101 SET @saved_cs_client     = @@character_set_client */;
/*!40101 SET character_set_client = utf8 */;
CREATE TABLE `token` (
  `user_id` int(11) NOT NULL,
  `code` varchar(32) NOT NULL,
  `created_at` int(11) NOT NULL,
  `type` smallint(6) NOT NULL,
  UNIQUE KEY `token_unique` (`user_id`,`code`,`type`),
  CONSTRAINT `fk_user_token` FOREIGN KEY (`user_id`) REFERENCES `user` (`id`) ON DELETE CASCADE
) ENGINE=InnoDB DEFAULT CHARSET=utf8;
/*!40101 SET character_set_client = @saved_cs_client */;

--
-- Dumping data for table `token`
--

LOCK TABLES `token` WRITE;
/*!40000 ALTER TABLE `token` DISABLE KEYS */;
INSERT INTO `token` VALUES (2,'rPbnB0A2x7l0glsT5yAg0Sbd5xFT_S_O',1443085502,0),(3,'VIZNwlxcVFqwwFqd5TkYWVwnVO4OciJV',1443087924,0);
/*!40000 ALTER TABLE `token` ENABLE KEYS */;
UNLOCK TABLES;

--
-- Table structure for table `user`
--

DROP TABLE IF EXISTS `user`;
/*!40101 SET @saved_cs_client     = @@character_set_client */;
/*!40101 SET character_set_client = utf8 */;
CREATE TABLE `user` (
  `id` int(11) NOT NULL AUTO_INCREMENT,
  `username` varchar(25) NOT NULL,
  `email` varchar(255) NOT NULL,
  `password_hash` varchar(60) NOT NULL,
  `auth_key` varchar(32) NOT NULL,
  `confirmed_at` int(11) DEFAULT NULL,
  `unconfirmed_email` varchar(255) DEFAULT NULL,
  `blocked_at` int(11) DEFAULT NULL,
  `registration_ip` varchar(45) DEFAULT NULL,
  `created_at` int(11) NOT NULL,
  `updated_at` int(11) NOT NULL,
  `flags` int(11) NOT NULL DEFAULT '0',
  PRIMARY KEY (`id`),
  UNIQUE KEY `user_unique_username` (`username`),
  UNIQUE KEY `user_unique_email` (`email`)
) ENGINE=InnoDB AUTO_INCREMENT=4 DEFAULT CHARSET=utf8;
/*!40101 SET character_set_client = @saved_cs_client */;

--
-- Dumping data for table `user`
--

LOCK TABLES `user` WRITE;
/*!40000 ALTER TABLE `user` DISABLE KEYS */;
INSERT INTO `user` VALUES (1,'admin','admin@mail.com','$2y$12$S6MzgbUySNHIoKzFl9ok0OujXtvCdjRp.SX2Jy5tYRyZreKlGuDkS','U4a4pLQlJHBUg3qI0f2BX7sx7MmYt2rt',1443079888,NULL,NULL,'::1',1443079783,1443079888,0),(2,'advin','advin@mail.com','$2y$12$nxxn2NAtz7QVgkQiwb1N2u.hEVZG4O8WNIWrEvvsp3x8rftQTA01y','3iuJwyl1zZ7wVKDj6VNA9oIwG1vsudyi',NULL,NULL,NULL,'::1',1443085502,1443085502,0),(3,'user1','user1@mail.com','$2y$12$wKLVO5jUw06pDu1xICbjx.buFXd3hxacKX3DJKbRDEBBvPzBZ8JJi','Q5lioLjfI0uFSqjJHc6Myhu5_od93wi8',NULL,NULL,NULL,'::1',1443087924,1443087924,0);
/*!40000 ALTER TABLE `user` ENABLE KEYS */;
UNLOCK TABLES;
/*!40103 SET TIME_ZONE=@OLD_TIME_ZONE */;

/*!40101 SET SQL_MODE=@OLD_SQL_MODE */;
/*!40014 SET FOREIGN_KEY_CHECKS=@OLD_FOREIGN_KEY_CHECKS */;
/*!40014 SET UNIQUE_CHECKS=@OLD_UNIQUE_CHECKS */;
/*!40101 SET CHARACTER_SET_CLIENT=@OLD_CHARACTER_SET_CLIENT */;
/*!40101 SET CHARACTER_SET_RESULTS=@OLD_CHARACTER_SET_RESULTS */;
/*!40101 SET COLLATION_CONNECTION=@OLD_COLLATION_CONNECTION */;
/*!40111 SET SQL_NOTES=@OLD_SQL_NOTES */;

-- Dump completed on 2015-09-24 18:41:31
